{
  "backends": {
    "cloud": {
      "cases": 735,
      "conditions": {
        "clean": {
          "cases": 147,
          "exact_case_rate": {
            "half_width": 0.075349,
            "high": 0.737771,
            "low": 0.587073,
            "rate": 0.666667,
            "successes": 98,
            "total": 147
          },
          "item_precision": {
            "half_width": 0.009206,
            "high": 0.999399,
            "low": 0.980988,
            "rate": 0.996599,
            "successes": 293,
            "total": 294
          },
          "item_recall": {
            "half_width": 0.009206,
            "high": 0.999399,
            "low": 0.980988,
            "rate": 0.996599,
            "successes": 293,
            "total": 294
          },
          "parse_failures": 0,
          "schema_valid_rate": {
            "half_width": 0.012734,
            "high": 1.0,
            "low": 0.974532,
            "rate": 1.0,
            "successes": 147,
            "total": 147
          },
          "slot_accuracy": {
            "half_width": 0.012419,
            "high": 0.948693,
            "low": 0.923856,
            "rate": 0.937415,
            "successes": 1378,
            "total": 1470
          }
        },
        "codec32": {
          "cases": 147,
          "exact_case_rate": {
            "half_width": 0.079777,
            "high": 0.589721,
            "low": 0.430167,
            "rate": 0.510204,
            "successes": 75,
            "total": 147
          },
          "item_precision": {
            "half_width": 0.009206,
            "high": 0.999399,
            "low": 0.980988,
            "rate": 0.996599,
            "successes": 293,
            "total": 294
          },
          "item_recall": {
            "half_width": 0.009206,
            "high": 0.999399,
            "low": 0.980988,
            "rate": 0.996599,
            "successes": 293,
            "total": 294
          },
          "parse_failures": 0,
          "schema_valid_rate": {
            "half_width": 0.012734,
            "high": 1.0,
            "low": 0.974532,
            "rate": 1.0,
            "successes": 147,
            "total": 147
          },
          "slot_accuracy": {
            "half_width": 0.016644,
            "high": 0.895247,
            "low": 0.861958,
            "rate": 0.879592,
            "successes": 1293,
            "total": 1470
          }
        },
        "noise10": {
          "cases": 147,
          "exact_case_rate": {
            "half_width": 0.079271,
            "high": 0.522921,
            "low": 0.364378,
            "rate": 0.442177,
            "successes": 65,
            "total": 147
          },
          "item_precision": {
            "half_width": 0.014431,
            "high": 0.994751,
            "low": 0.965888,
            "rate": 0.986532,
            "successes": 293,
            "total": 297
          },
          "item_recall": {
            "half_width": 0.009206,
            "high": 0.999399,
            "low": 0.980988,
            "rate": 0.996599,
            "successes": 293,
            "total": 294
          },
          "parse_failures": 0,
          "schema_valid_rate": {
            "half_width": 0.012734,
            "high": 1.0,
            "low": 0.974532,
            "rate": 1.0,
            "successes": 147,
            "total": 147
          },
          "slot_accuracy": {
            "half_width": 0.01619,
            "high": 0.902256,
            "low": 0.869876,
            "rate": 0.887075,
            "successes": 1304,
            "total": 1470
          }
        },
        "noise20": {
          "cases": 147,
          "exact_case_rate": {
            "half_width": 0.078996,
            "high": 0.648605,
            "low": 0.490614,
            "rate": 0.571429,
            "successes": 84,
            "total": 147
          },
          "item_precision": {
            "half_width": 0.011259,
            "high": 0.998139,
            "low": 0.975621,
            "rate": 0.99322,
            "successes": 293,
            "total": 295
          },
          "item_recall": {
            "half_width": 0.009206,
            "high": 0.999399,
            "low": 0.980988,
            "rate": 0.996599,
            "successes": 293,
            "total": 294
          },
          "parse_failures": 0,
          "schema_valid_rate": {
            "half_width": 0.012734,
            "high": 1.0,
            "low": 0.974532,
            "rate": 1.0,
            "successes": 147,
            "total": 147
          },
          "slot_accuracy": {
            "half_width": 0.015166,
            "high": 0.916837,
            "low": 0.886506,
            "rate": 0.902721,
            "successes": 1327,
            "total": 1470
          }
        },
        "speed090": {
          "cases": 147,
          "exact_case_rate": {
            "half_width": 0.068933,
            "high": 0.817538,
            "low": 0.679672,
            "rate": 0.755102,
            "successes": 111,
            "total": 147
          },
          "item_precision": {
            "half_width": 0.011297,
            "high": 0.998133,
            "low": 0.975539,
            "rate": 0.993197,
            "successes": 292,
            "total": 294
          },
          "item_recall": {
            "half_width": 0.011297,
            "high": 0.998133,
            "low": 0.975539,
            "rate": 0.993197,
            "successes": 292,
            "total": 294
          },
          "parse_failures": 0,
          "schema_valid_rate": {
            "half_width": 0.012734,
            "high": 1.0,
            "low": 0.974532,
            "rate": 1.0,
            "successes": 147,
            "total": 147
          },
          "slot_accuracy": {
            "half_width": 0.01164,
            "high": 0.956056,
            "low": 0.932777,
            "rate": 0.945578,
            "successes": 1390,
            "total": 1470
          }
        }
      },
      "coverage": {
        "completeness": {
          "full": 370,
          "partial": 365
        },
        "condition_id": {
          "clean": 147,
          "codec32": 147,
          "noise10": 147,
          "noise20": 147,
          "speed090": 147
        },
        "style": {
          "conversational": 245,
          "direct": 245,
          "reordered": 245
        },
        "voice": {
          "cixingnansheng": 370,
          "linjiajiejie": 365
        }
      },
      "coverage_progress": {
        "complete": true,
        "expected": 735,
        "observed": 735,
        "rate": 1.0
      },
      "exact_case_rate": {
        "half_width": 0.03548,
        "high": 0.624132,
        "low": 0.553173,
        "rate": 0.589116,
        "successes": 433,
        "total": 735
      },
      "item_precision": {
        "half_width": 0.004377,
        "high": 0.996311,
        "low": 0.987556,
        "rate": 0.993216,
        "successes": 1464,
        "total": 1474
      },
      "item_recall": {
        "half_width": 0.003502,
        "high": 0.998128,
        "low": 0.991123,
        "rate": 0.995918,
        "successes": 1464,
        "total": 1470
      },
      "parse_failures": 0,
      "schema_valid_rate": {
        "half_width": 0.0026,
        "high": 1.0,
        "low": 0.994801,
        "rate": 1.0,
        "successes": 735,
        "total": 735
      },
      "slot_accuracy": {
        "half_width": 0.006529,
        "high": 0.916791,
        "low": 0.903733,
        "rate": 0.910476,
        "successes": 6692,
        "total": 7350
      },
      "stopping": {
        "additional_base_cases_needed": 0,
        "condition_ready": {
          "clean": true,
          "codec32": true,
          "noise10": true,
          "noise20": true,
          "speed090": true
        },
        "minimum_observed_per_condition": 147,
        "missing_conditions": [],
        "reached": true,