{
  "code_commit": "39a55cc9",
  "created_at_unix": 1784369817,
  "decision_diff": {
    "all_tensorrt_outputs_finite": false,
    "max_box_delta_px": 522.0904541015625,
    "max_score_delta": 0.01936742663383484,
    "strict_decision_equivalent_at_1e-3_and_half_px": false,
    "structure_equal": false,
    "tensorrt_detection_counts": [
      1,
      3
    ],
    "torch_detection_counts": [
      5,
      5
    ]
  },
  "engine": {
    "device_memory_size_bytes": 729304064,
    "inputs": [
      "pixel_values",
      "input_ids",
      "token_type_ids",
      "attention_mask",
      "pixel_mask"
    ],
    "outputs": [
      "logits",
      "pred_boxes"
    ],
    "path": "/home/Developer/proj/results/acceptance/SF1/trt-gdino-20260718-v5-static/grounding_dino_fp16.engine",
    "sha256": "7d59aee5001dc156e69d802246854243c029f46d2ea1b55e3619f04e9898883c",
    "size_bytes": 498401588
  },
  "platform": {
    "cuda": "13.0",
    "gpu": "NVIDIA GB10",
    "machine": "aarch64",
    "python": "3.12.3",
    "tensorrt": "10.14.1.48",
    "torch": "2.13.0+cu130"
  },
  "raw_output_diff": {
    "logits": {
      "baseline_nonfinite_count": 439200,
      "jointly_finite_count": 21600,
      "max_abs_on_jointly_finite": 6.781562328338623,
      "mean_abs_on_jointly_finite": 1.1691697835922241,
      "tensorrt_nonfinite_count": 439200
    },
    "pred_boxes": {
      "baseline_nonfinite_count": 0,
      "jointly_finite_count": 7200,
      "max_abs_on_jointly_finite": 0.9981348514556885,
      "mean_abs_on_jointly_finite": 0.26072198152542114,
      "tensorrt_nonfinite_count": 0
    }
  },
  "schema_version": "1.0",
  "scope": "SF1-L2_TENSORRT_FEASIBILITY_ONLY",
  "speedup_vs_pytorch_p50": 2.4898029731561455,
  "tensorrt_core": {
    "cuda_stream": "non_default",
    "mean_ms": 273.17705108642576,
    "p50_ms": 273.14312744140625,
    "p95_ms": 274.8805465698242,
    "process_peak_rss_bytes": 1861623808,
    "runs": 100,
    "samples_ms": [
      272.74200439453125,
      274.23553466796875,
      273.84783935546875,
      271.9330749511719,
      271.7016906738281,
      273.905029296875,
      272.4816589355469,
      273.6993103027344,
      274.16021728515625,
      272.8321838378906,
      273.1970520019531,
      274.2282409667969,
      272.3230895996094,
      271.8627624511719,
      273.7125244140625,
      270.54815673828125,
      272.87640380859375,
      272.82421875,
      273.97686767578125,
      273.91845703125,
      273.1111145019531,
      271.69061279296875,
      272.3771057128906,
      271.50518798828125,
      272.5486145019531,
      272.22503662109375,
      273.6050109863281,
      273.14312744140625,
      273.14312744140625,
      272.41619873046875,
      272.98974609375,
      273.14501953125,
      274.282958984375,
      274.9296875,
      272.8918151855469,
      272.1697082519531,
      273.70648193359375,
      273.02899169921875,
      272.6236877441406,
      273.9768371582031,
      274.0943908691406,
      273.5791931152344,
      273.2071228027344,
      273.87109375,
      273.0353698730469,
      273.8924865722656,
      270.3768310546875,
      274.5787048339844,
      270.1163635253906,
      271.42681884765625,
      272.890380859375,
      274.65081787109375,
      272.6437072753906,
      274.3717041015625,
      274.6597900390625,
      271.85467529296875,
      273.1316223144531,
      272.4703063964844,
      274.86419677734375,
      274.85504150390625,
      274.11785888671875,
      271.6882019042969,
      274.07000732421875,
      275.2189636230469,
      273.8603210449219,
      271.97430419921875,
      273.6575012207031,
      273.7209167480469,
      270.8831481933594,
      275.43603515625,
      271.1289367675781,
      275.45953369140625,
      273.4600524902344,
      274.1732482910156,
      272.235107421875,
      272.5931396484375,
      272.9536437988281,
      272.837646484375,
      274.4089050292969,
      271.914306640625,
      274.8779602050781,
      274.0549011230469,
      272.1232604980469,
      272.0206298828125,
      274.0068054199219,
      273.27130126953125,
      274.249755859375,
      274.1107177734375,
      273.113037109375,
      272.0742492675781,
      273.1290588378906,
      271.0368957519531,
      273.9688720703125,
      274.95892333984375,
      273.0979309082031,
      272.5946350097656,
      274.4858703613281,
      271.16827392578125,
      274.8042297363281,
      273.67901611328125
    ],
    "throughput_images_per_second": 7.321259205507913,
    "warmup": 10
  }
}
